--
-- PostgreSQL database dump
--

-- Dumped from database version 12.9 (Ubuntu 12.9-2.pgdg20.04+1)
-- Dumped by pg_dump version 12.9 (Ubuntu 12.9-2.pgdg20.04+1)

SET statement_timeout = 0;
SET lock_timeout = 0;
SET idle_in_transaction_session_timeout = 0;
SET client_encoding = 'UTF8';
SET standard_conforming_strings = on;
SELECT pg_catalog.set_config('search_path', '', false);
SET check_function_bodies = false;
SET xmloption = content;
SET client_min_messages = warning;
SET row_security = off;

DROP DATABASE universe;
--
-- Name: universe; Type: DATABASE; Schema: -; Owner: freecodecamp
--

CREATE DATABASE universe WITH TEMPLATE = template0 ENCODING = 'UTF8' LC_COLLATE = 'C.UTF-8' LC_CTYPE = 'C.UTF-8';


ALTER DATABASE universe OWNER TO freecodecamp;

\connect universe

SET statement_timeout = 0;
SET lock_timeout = 0;
SET idle_in_transaction_session_timeout = 0;
SET client_encoding = 'UTF8';
SET standard_conforming_strings = on;
SELECT pg_catalog.set_config('search_path', '', false);
SET check_function_bodies = false;
SET xmloption = content;
SET client_min_messages = warning;
SET row_security = off;

SET default_tablespace = '';

SET default_table_access_method = heap;

--
-- Name: galaxy; Type: TABLE; Schema: public; Owner: freecodecamp
--

CREATE TABLE public.galaxy (
    galaxy_id integer NOT NULL,
    name character varying(30) NOT NULL,
    galaxy_types_id integer NOT NULL,
    dist_from_earth_in_kpc numeric NOT NULL,
    description text,
    galaxy_age_in_millions_year integer NOT NULL
);


ALTER TABLE public.galaxy OWNER TO freecodecamp;

--
-- Name: galaxy_galaxy_id_seq; Type: SEQUENCE; Schema: public; Owner: freecodecamp
--

CREATE SEQUENCE public.galaxy_galaxy_id_seq
    AS integer
    START WITH 1
    INCREMENT BY 1
    NO MINVALUE
    NO MAXVALUE
    CACHE 1;


ALTER TABLE public.galaxy_galaxy_id_seq OWNER TO freecodecamp;

--
-- Name: galaxy_galaxy_id_seq; Type: SEQUENCE OWNED BY; Schema: public; Owner: freecodecamp
--

ALTER SEQUENCE public.galaxy_galaxy_id_seq OWNED BY public.galaxy.galaxy_id;


--
-- Name: galaxy_types; Type: TABLE; Schema: public; Owner: freecodecamp
--

CREATE TABLE public.galaxy_types (
    galaxy_types_id integer NOT NULL,
    name character varying(30) NOT NULL,
    description text NOT NULL
);


ALTER TABLE public.galaxy_types OWNER TO freecodecamp;

--
-- Name: galaxy_types_galaxy_types_id_seq; Type: SEQUENCE; Schema: public; Owner: freecodecamp
--

CREATE SEQUENCE public.galaxy_types_galaxy_types_id_seq
    AS integer
    START WITH 1
    INCREMENT BY 1
    NO MINVALUE
    NO MAXVALUE
    CACHE 1;


ALTER TABLE public.galaxy_types_galaxy_types_id_seq OWNER TO freecodecamp;

--
-- Name: galaxy_types_galaxy_types_id_seq; Type: SEQUENCE OWNED BY; Schema: public; Owner: freecodecamp
--

ALTER SEQUENCE public.galaxy_types_galaxy_types_id_seq OWNED BY public.galaxy_types.galaxy_types_id;


--
-- Name: moon; Type: TABLE; Schema: public; Owner: freecodecamp
--

CREATE TABLE public.moon (
    moon_id integer NOT NULL,
    name character varying(30) NOT NULL,
    is_habitable boolean NOT NULL,
    is_ocean_moon boolean NOT NULL,
    planet_id integer NOT NULL
);


ALTER TABLE public.moon OWNER TO freecodecamp;

--
-- Name: moon_moon_id_seq; Type: SEQUENCE; Schema: public; Owner: freecodecamp
--

CREATE SEQUENCE public.moon_moon_id_seq
    AS integer
    START WITH 1
    INCREMENT BY 1
    NO MINVALUE
    NO MAXVALUE
    CACHE 1;


ALTER TABLE public.moon_moon_id_seq OWNER TO freecodecamp;

--
-- Name: moon_moon_id_seq; Type: SEQUENCE OWNED BY; Schema: public; Owner: freecodecamp
--

ALTER SEQUENCE public.moon_moon_id_seq OWNED BY public.moon.moon_id;


--
-- Name: planet; Type: TABLE; Schema: public; Owner: freecodecamp
--

CREATE TABLE public.planet (
    planet_id integer NOT NULL,
    name character varying(30) NOT NULL,
    has_life boolean NOT NULL,
    moon_count integer NOT NULL,
    star_id integer NOT NULL
);


ALTER TABLE public.planet OWNER TO freecodecamp;

--
-- Name: planet_planet_id_seq; Type: SEQUENCE; Schema: public; Owner: freecodecamp
--

CREATE SEQUENCE public.planet_planet_id_seq
    AS integer
    START WITH 1
    INCREMENT BY 1
    NO MINVALUE
    NO MAXVALUE
    CACHE 1;


ALTER TABLE public.planet_planet_id_seq OWNER TO freecodecamp;

--
-- Name: planet_planet_id_seq; Type: SEQUENCE OWNED BY; Schema: public; Owner: freecodecamp
--

ALTER SEQUENCE public.planet_planet_id_seq OWNED BY public.planet.planet_id;


--
-- Name: star; Type: TABLE; Schema: public; Owner: freecodecamp
--

CREATE TABLE public.star (
    star_id integer NOT NULL,
    name character varying(30) NOT NULL,
    galaxy_id integer NOT NULL,
    dist_from_earth_in_kpc numeric NOT NULL,
    description text
);


ALTER TABLE public.star OWNER TO freecodecamp;

--
-- Name: star_star_id_seq; Type: SEQUENCE; Schema: public; Owner: freecodecamp
--

CREATE SEQUENCE public.star_star_id_seq
    AS integer
    START WITH 1
    INCREMENT BY 1
    NO MINVALUE
    NO MAXVALUE
    CACHE 1;


ALTER TABLE public.star_star_id_seq OWNER TO freecodecamp;

--
-- Name: star_star_id_seq; Type: SEQUENCE OWNED BY; Schema: public; Owner: freecodecamp
--

ALTER SEQUENCE public.star_star_id_seq OWNED BY public.star.star_id;


--
-- Name: star_types; Type: TABLE; Schema: public; Owner: freecodecamp
--

CREATE TABLE public.star_types (
    star_types_id integer NOT NULL,
    name character varying(30) NOT NULL,
    description text
);


ALTER TABLE public.star_types OWNER TO freecodecamp;

--
-- Name: star_types_star_types_id_seq; Type: SEQUENCE; Schema: public; Owner: freecodecamp
--

CREATE SEQUENCE public.star_types_star_types_id_seq
    AS integer
    START WITH 1
    INCREMENT BY 1
    NO MINVALUE
    NO MAXVALUE
    CACHE 1;


ALTER TABLE public.star_types_star_types_id_seq OWNER TO freecodecamp;

--
-- Name: star_types_star_types_id_seq; Type: SEQUENCE OWNED BY; Schema: public; Owner: freecodecamp
--

ALTER SEQUENCE public.star_types_star_types_id_seq OWNED BY public.star_types.star_types_id;


--
-- Name: galaxy galaxy_id; Type: DEFAULT; Schema: public; Owner: freecodecamp
--

ALTER TABLE ONLY public.galaxy ALTER COLUMN galaxy_id SET DEFAULT nextval('public.galaxy_galaxy_id_seq'::regclass);


--
-- Name: galaxy_types galaxy_types_id; Type: DEFAULT; Schema: public; Owner: freecodecamp
--

ALTER TABLE ONLY public.galaxy_types ALTER COLUMN galaxy_types_id SET DEFAULT nextval('public.galaxy_types_galaxy_types_id_seq'::regclass);


--
-- Name: moon moon_id; Type: DEFAULT; Schema: public; Owner: freecodecamp
--

ALTER TABLE ONLY public.moon ALTER COLUMN moon_id SET DEFAULT nextval('public.moon_moon_id_seq'::regclass);


--
-- Name: planet planet_id; Type: DEFAULT; Schema: public; Owner: freecodecamp
--

ALTER TABLE ONLY public.planet ALTER COLUMN planet_id SET DEFAULT nextval('public.planet_planet_id_seq'::regclass);


--
-- Name: star star_id; Type: DEFAULT; Schema: public; Owner: freecodecamp
--

ALTER TABLE ONLY public.star ALTER COLUMN star_id SET DEFAULT nextval('public.star_star_id_seq'::regclass);


--
-- Name: star_types star_types_id; Type: DEFAULT; Schema: public; Owner: freecodecamp
--

ALTER TABLE ONLY public.star_types ALTER COLUMN star_types_id SET DEFAULT nextval('public.star_types_star_types_id_seq'::regclass);


--
-- Data for Name: galaxy; Type: TABLE DATA; Schema: public; Owner: freecodecamp
--

INSERT INTO public.galaxy VALUES (1, 'Andromeda', 1, 765, 'Closest to Milky Way galaxy', 10000);
INSERT INTO public.galaxy VALUES (2, 'Milky Way', 1, 8, 'Our Galaxy where the solar system lies', 13610);
INSERT INTO public.galaxy VALUES (3, 'Black Eye', 1, 5218, 'Also called M64', 11000);
INSERT INTO public.galaxy VALUES (4, 'NGC 4622', 1, 34042.75, 'Also called Backward Galaxy', 10500);
INSERT INTO public.galaxy VALUES (5, 'Messier 82', 3, 3500, 'Also called Cigar Galaxy', 10000);
INSERT INTO public.galaxy VALUES (6, 'Hoag''s Object', 2, 187900, 'Ring Shaped', 11000);


--
-- Data for Name: galaxy_types; Type: TABLE DATA; Schema: public; Owner: freecodecamp
--

INSERT INTO public.galaxy_types VALUES (1, 'Spiral', 'They are the brightest galaxies in the universe. Their shapes almost looks like pinwheels');
INSERT INTO public.galaxy_types VALUES (2, 'Elliptical', 'They are not as bright as spiral galaxies. Their shape is most of the times stretched out and elliptical though some may be circular');
INSERT INTO public.galaxy_types VALUES (3, 'Irregular', 'As the name suggest, they are irregular in shape. They are smallest in terms of occurences');


--
-- Data for Name: moon; Type: TABLE DATA; Schema: public; Owner: freecodecamp
--

INSERT INTO public.moon VALUES (1, 'Moon', false, false, 3);
INSERT INTO public.moon VALUES (2, 'Phobos', false, false, 4);
INSERT INTO public.moon VALUES (3, 'Deimos', false, false, 4);
INSERT INTO public.moon VALUES (4, 'Io', false, false, 5);
INSERT INTO public.moon VALUES (5, 'Europa', true, true, 5);
INSERT INTO public.moon VALUES (6, 'Ganymede', false, true, 5);
INSERT INTO public.moon VALUES (7, 'Callisto', false, true, 5);
INSERT INTO public.moon VALUES (8, 'Titan', false, true, 6);
INSERT INTO public.moon VALUES (9, 'Rhea', false, false, 6);
INSERT INTO public.moon VALUES (10, 'Iapetus', false, false, 7);
INSERT INTO public.moon VALUES (11, 'Oberon', false, false, 7);
INSERT INTO public.moon VALUES (12, 'Triton', false, false, 8);
INSERT INTO public.moon VALUES (13, 'Charon', false, false, 9);
INSERT INTO public.moon VALUES (14, 'Exomoon 1', false, false, 10);
INSERT INTO public.moon VALUES (15, 'Exomoon 2', false, false, 10);
INSERT INTO public.moon VALUES (16, 'Exomoon 3', true, false, 11);
INSERT INTO public.moon VALUES (17, 'Exomoon 4', true, true, 11);
INSERT INTO public.moon VALUES (18, 'Exomoon 5', false, false, 12);
INSERT INTO public.moon VALUES (19, 'Exomoon 6', false, false, 12);
INSERT INTO public.moon VALUES (20, 'Exomoon 7', false, false, 13);


--
-- Data for Name: planet; Type: TABLE DATA; Schema: public; Owner: freecodecamp
--

INSERT INTO public.planet VALUES (1, 'Mercury', false, 0, 1);
INSERT INTO public.planet VALUES (2, 'Venus', false, 0, 1);
INSERT INTO public.planet VALUES (3, 'Earth', true, 1, 1);
INSERT INTO public.planet VALUES (4, 'Mars', false, 2, 1);
INSERT INTO public.planet VALUES (5, 'Jupiter', false, 79, 1);
INSERT INTO public.planet VALUES (6, 'Saturn', false, 82, 1);
INSERT INTO public.planet VALUES (7, 'Uranus', false, 27, 1);
INSERT INTO public.planet VALUES (8, 'Neptune', false, 14, 1);
INSERT INTO public.planet VALUES (9, 'Pluto', false, 5, 1);
INSERT INTO public.planet VALUES (10, 'Exoplanet 1', false, 0, 2);
INSERT INTO public.planet VALUES (11, 'Exoplanet 2', false, 0, 2);
INSERT INTO public.planet VALUES (12, 'Exoplanet 3', false, 0, 3);
INSERT INTO public.planet VALUES (13, 'Exoplanet 4', false, 0, 3);


--
-- Data for Name: star; Type: TABLE DATA; Schema: public; Owner: freecodecamp
--

INSERT INTO public.star VALUES (1, 'Sun', 2, 0.0000004, NULL);
INSERT INTO public.star VALUES (2, 'Altair', 2, 0.00513, NULL);
INSERT INTO public.star VALUES (3, 'Alpha Andromedae', 1, 0.0297, NULL);
INSERT INTO public.star VALUES (4, 'Nembus', 1, 0.0512, NULL);
INSERT INTO public.star VALUES (5, 'Betelguese', 2, 0.159, NULL);
INSERT INTO public.star VALUES (6, 'Polaris', 2, 0.099, NULL);


--
-- Data for Name: star_types; Type: TABLE DATA; Schema: public; Owner: freecodecamp
--

INSERT INTO public.star_types VALUES (1, 'Red Giant', 'They have small solar masses and forms when their hydrogen depletes at the core');
INSERT INTO public.star_types VALUES (2, 'White Dwarf', 'They are formed after Red Giants explodes and only the core remains, they slowly cool off');
INSERT INTO public.star_types VALUES (3, 'Neutron Star', 'They have very high solar masses about ~20 solar masses. Its explosion may cause supernovae');


--
-- Name: galaxy_galaxy_id_seq; Type: SEQUENCE SET; Schema: public; Owner: freecodecamp
--

SELECT pg_catalog.setval('public.galaxy_galaxy_id_seq', 6, true);


--
-- Name: galaxy_types_galaxy_types_id_seq; Type: SEQUENCE SET; Schema: public; Owner: freecodecamp
--

SELECT pg_catalog.setval('public.galaxy_types_galaxy_types_id_seq', 3, true);


--
-- Name: moon_moon_id_seq; Type: SEQUENCE SET; Schema: public; Owner: freecodecamp
--

SELECT pg_catalog.setval('public.moon_moon_id_seq', 20, true);


--
-- Name: planet_planet_id_seq; Type: SEQUENCE SET; Schema: public; Owner: freecodecamp
--

SELECT pg_catalog.setval('public.planet_planet_id_seq', 13, true);


--
-- Name: star_star_id_seq; Type: SEQUENCE SET; Schema: public; Owner: freecodecamp
--

SELECT pg_catalog.setval('public.star_star_id_seq', 6, true);


--
-- Name: star_types_star_types_id_seq; Type: SEQUENCE SET; Schema: public; Owner: freecodecamp
--

SELECT pg_catalog.setval('public.star_types_star_types_id_seq', 3, true);


--
-- Name: galaxy galaxy_name_key; Type: CONSTRAINT; Schema: public; Owner: freecodecamp
--

ALTER TABLE ONLY public.galaxy
    ADD CONSTRAINT galaxy_name_key UNIQUE (name);


--
-- Name: galaxy galaxy_pkey; Type: CONSTRAINT; Schema: public; Owner: freecodecamp
--

ALTER TABLE ONLY public.galaxy
    ADD CONSTRAINT galaxy_pkey PRIMARY KEY (galaxy_id);


--
-- Name: galaxy_types galaxy_types_name_key; Type: CONSTRAINT; Schema: public; Owner: freecodecamp
--

ALTER TABLE ONLY public.galaxy_types
    ADD CONSTRAINT galaxy_types_name_key UNIQUE (name);


--
-- Name: galaxy_types galaxy_types_pkey; Type: CONSTRAINT; Schema: public; Owner: freecodecamp
--

ALTER TABLE ONLY public.galaxy_types
    ADD CONSTRAINT galaxy_types_pkey PRIMARY KEY (galaxy_types_id);


--
-- Name: moon moon_name_key; Type: CONSTRAINT; Schema: public; Owner: freecodecamp
--

ALTER TABLE ONLY public.moon
    ADD CONSTRAINT moon_name_key UNIQUE (name);


--
-- Name: moon moon_pkey; Type: CONSTRAINT; Schema: public; Owner: freecodecamp
--

ALTER TABLE ONLY public.moon
    ADD CONSTRAINT moon_pkey PRIMARY KEY (moon_id);


--
-- Name: planet planet_name_key; Type: CONSTRAINT; Schema: public; Owner: freecodecamp
--

ALTER TABLE ONLY public.planet
    ADD CONSTRAINT planet_name_key UNIQUE (name);


--
-- Name: planet planet_pkey; Type: CONSTRAINT; Schema: public; Owner: freecodecamp
--

ALTER TABLE ONLY public.planet
    ADD CONSTRAINT planet_pkey PRIMARY KEY (planet_id);


--
-- Name: star star_name_key; Type: CONSTRAINT; Schema: public; Owner: freecodecamp
--

ALTER TABLE ONLY public.star
    ADD CONSTRAINT star_name_key UNIQUE (name);


--
-- Name: star star_pkey; Type: CONSTRAINT; Schema: public; Owner: freecodecamp
--

ALTER TABLE ONLY public.star
    ADD CONSTRAINT star_pkey PRIMARY KEY (star_id);


--
-- Name: star_types star_types_name_key; Type: CONSTRAINT; Schema: public; Owner: freecodecamp
--

ALTER TABLE ONLY public.star_types
    ADD CONSTRAINT star_types_name_key UNIQUE (name);


--
-- Name: star_types star_types_pkey; Type: CONSTRAINT; Schema: public; Owner: freecodecamp
--

ALTER TABLE ONLY public.star_types
    ADD CONSTRAINT star_types_pkey PRIMARY KEY (star_types_id);


--
-- Name: galaxy galaxy_galaxy_types_id_fkey; Type: FK CONSTRAINT; Schema: public; Owner: freecodecamp
--

ALTER TABLE ONLY public.galaxy
    ADD CONSTRAINT galaxy_galaxy_types_id_fkey FOREIGN KEY (galaxy_types_id) REFERENCES public.galaxy_types(galaxy_types_id);


--
-- Name: moon moon_planet_id_fkey; Type: FK CONSTRAINT; Schema: public; Owner: freecodecamp
--

ALTER TABLE ONLY public.moon
    ADD CONSTRAINT moon_planet_id_fkey FOREIGN KEY (planet_id) REFERENCES public.planet(planet_id);


--
-- Name: planet planet_star_id_fkey; Type: FK CONSTRAINT; Schema: public; Owner: freecodecamp
--

ALTER TABLE ONLY public.planet
    ADD CONSTRAINT planet_star_id_fkey FOREIGN KEY (star_id) REFERENCES public.star(star_id);


--
-- Name: star star_galaxy_id_fkey; Type: FK CONSTRAINT; Schema: public; Owner: freecodecamp
--

ALTER TABLE ONLY public.star
    ADD CONSTRAINT star_galaxy_id_fkey FOREIGN KEY (galaxy_id) REFERENCES public.galaxy(galaxy_id);


--
-- PostgreSQL database dump complete
--

